<?xml version="1.0" encoding="UTF-8"?>
<?xml-model href="http://www.tei-c.org/release/xml/tei/custom/schema/relaxng/tei_all.rng" type="application/xml" schematypens="http://relaxng.org/ns/structure/1.0"?>
<?xml-model href="http://www.tei-c.org/release/xml/tei/custom/schema/relaxng/tei_all.rng" type="application/xml"
	schematypens="http://purl.oclc.org/dsdl/schematron"?>
<TEI xmlns="http://www.tei-c.org/ns/1.0">
   <teiHeader>
      <fileDesc>
         <titleStmt>
            <title>Fascicle 16: Poem 1. 1601/327/variant</title>
            <author>Emily Dickinson</author>
         </titleStmt>
         <publicationStmt>
            <p>Fascicle 16: Dickinson's variants and published versions</p>
         </publicationStmt>
         <sourceDesc>
            <msDesc>
        <msIdentifier>
           <repository></repository>
           <idno>1601</idno></msIdentifier>
            </msDesc>
            <bibl><ref target="http://www.cs.virginia.edu/~ajf2j/emily/"/>
            </bibl>
         </sourceDesc>
      </fileDesc>
   </teiHeader>
   <text>
      <body>
         <head>
            <title>Poem 1 (J 327: 1862/1891)</title></head>
         <lg>
            <l>Before I got my eye put out—</l>
            <l>I liked as well to see</l>
            <l>As other Creatures, that have Eyes—</l>
            <l>And know no other way—</l>
         </lg>
         <lg>
            <l>But were it told to me, Today,</l>
            <l>That I might have the Sky</l>
            <l>For mine, I tell you that my Heart</l>
            <l>Would split, for size of me—</l>
         </lg>
         <lg>
            <l>The Meadows—mine—</l>
            <l>The Mountains—mine— </l>
            <l>All Forests—Stintless Stars—</l>
            <l>As much of noon, as I could take—</l>
            <l>Between my finite Eyes—</l>
         </lg>
         <lg>
            <l>The Motions of the Dipping Birds—</l>
            <l>The <app>
                  <rdg wit="var0">Lightning's jointed Road—</rdg>
                  <rdg wit="var1">Morning's Amber Road—</rdg>
               </app>
            </l>
            <l>For mine—to look at when I liked </l>
            <l>The news would strike me dead—</l>
         </lg>
         <lg>
            <l>So safer—guess—with just my soul</l>
            <l>Upon the window pane</l>
            <l>Where other Creatures put their Eyes</l>
            <l>Incautious of the Sun—</l>
         </lg>
      </body>
   </text>
</TEI>
