<?xml version="1.0" encoding="UTF-8"?>
<?xml-model href="http://www.tei-c.org/release/xml/tei/custom/schema/relaxng/tei_all.rng" type="application/xml" schematypens="http://relaxng.org/ns/structure/1.0"?>
<?xml-model href="http://www.tei-c.org/release/xml/tei/custom/schema/relaxng/tei_all.rng" type="application/xml"
	schematypens="http://purl.oclc.org/dsdl/schematron"?>
<TEI xmlns="http://www.tei-c.org/ns/1.0">
   <teiHeader>
      <fileDesc>
         <titleStmt>
            <title>Poem 5 (J 280: 1861/1896)</title>
            <author>Emily Dickinson</author>
         </titleStmt>
         <publicationStmt>
            <p>Fascicle 16: Dickinson's variants and published versions</p>
         </publicationStmt>
         <sourceDesc>
            <msDesc>
               <msIdentifier>
                  <repository></repository>
                  <idno>1605</idno></msIdentifier>
            </msDesc>
            <bibl><ref target="http://www.cs.virginia.edu/~ajf2j/emily/"/>
            </bibl>
         </sourceDesc>
      </fileDesc>
   </teiHeader>
   <text>
      <body>
         <head><title>Poem 5 (J 280: 1861/1896)</title></head>
         <lg>
            <l>I felt a Funeral, in my Brain, </l>
            <l>And Mourners to and fro </l>
            <l>Kept treading—treading—till it seemed </l>
            <l>That Sense was breaking through— </l>
         </lg>
         <lg>
            <l>And when they were all seated, </l>
            <l>A Service, like a Drum— </l>
            <l>Kept beating—beating—till I thought </l>
            <l>My Mind was going numb— </l>
         </lg>
         <lg>
            <l>And then I heard them lift a Box </l>
            <l>And creak across my Soul </l>
            <l>With those same Boots of lead, again, </l>
            <l>Then Space began to toll, </l>
         </lg>
         <lg>
            <l>As all the Heavens were a Bell, </l>
            <l>And Being, but an Ear, </l>
            <l>And I, and Silence, some strange Race </l>
            <l>Wrecked, solitary, here— </l>
         </lg>
         <lg>
            <l>And then a Plank in Reason, broke, </l>
            <l>And I dropped down, and down— </l>
            <l>And hit a World, at every <app>
                  <rdg wit="var0">plunge,</rdg>
                  <rdg wit="var1">Crash—</rdg>
               </app>
            </l>
            <l>
               <app>
                  <rdg wit="var0">And Finished </rdg>
                  <rdg wit="var1">And Got through—</rdg>
               </app>knowing—then—</l>
         </lg>
      </body>
   </text>
</TEI>
