<?xml version="1.0" encoding="UTF-8"?>
<?xml-model href="http://www.tei-c.org/release/xml/tei/custom/schema/relaxng/tei_all.rng" type="application/xml" schematypens="http://relaxng.org/ns/structure/1.0"?>
<?xml-model href="http://www.tei-c.org/release/xml/tei/custom/schema/relaxng/tei_all.rng" type="application/xml"
	schematypens="http://purl.oclc.org/dsdl/schematron"?>
<TEI xmlns="http://www.tei-c.org/ns/1.0">
   <teiHeader>
      <fileDesc>
         <titleStmt>
            <title>Poem 8 (J 242: 1861/1945)</title>
            <author>Emily Dickinson</author>
         </titleStmt>
         <publicationStmt>
            <p>Fascicle 16: Dickinson's variants and published versions</p>
         </publicationStmt>
         <sourceDesc>
            <msDesc>
               <msIdentifier>
                  <repository></repository>
                  <idno>1608</idno></msIdentifier>
            </msDesc>
            <bibl><ref target="http://www.cs.virginia.edu/~ajf2j/emily/"/>
            </bibl>
         </sourceDesc>
      </fileDesc>
   </teiHeader>
   <text>
      <body>
         <head><title>Poem 8 (J 242: 1861/1945)</title></head>
         <lg>
            <l>When we stand on top of Things—</l>
            <l>And like the Trees, look down—</l>
            <l>The smoke all cleared away from it—</l>
            <l>And Mirrors on the scene—</l>
         </lg>
         <lg>
            <l>Just laying light—no soul will wink</l>
            <l>Except it have a flaw—</l>
            <l>The Sound ones, like the Hills
               <app>
                  <rdg wit="var0">—shall stand—</rdg>
                  <rdg wit="var1">—stand up—</rdg>
               </app>
            </l>
            <l>No Lightening, <app>
                  <rdg wit="var0">scares away—</rdg>
                  <rdg wit="var1">drives away—</rdg>
               </app>
            </l>
         </lg>
         <lg>
            <l>The Perfect, nowhere be afraid—</l>
            <l>They bear their</l>
            <l><app>
                  <rdg wit="var0">dauntless Heads,</rdg>
                  <rdg wit="var1">fearless—Heads,</rdg>
                  <rdg wit="var2">tranquil—Heads,</rdg>
               </app>
            </l>
            <l>Where others, dare not <app>
                  <rdg wit="var0">go at Noon,</rdg>
                  <rdg wit="var1">walk at noon,</rdg>
               </app>
            </l>
            <l>Protected by their deeds—</l>
         </lg>
         <lg>
            <l>The Stars dare shine occasionally</l>
            <l>Upon a spotted World—</l>
            <l>And Suns, go surer, for their Proof, </l>
            <l>As if <app>
                  <rdg wit="var0">An Axle, held—</rdg>
                  <rdg wit="var1">A Muscle—held</rdg>
               </app>
            </l>
         </lg>
      </body>
   </text>
</TEI>
