<?xml version="1.0" encoding="UTF-8"?>
<?xml-model href="http://www.tei-c.org/release/xml/tei/custom/schema/relaxng/tei_all.rng" type="application/xml" schematypens="http://relaxng.org/ns/structure/1.0"?>
<?xml-model href="http://www.tei-c.org/release/xml/tei/custom/schema/relaxng/tei_all.rng" type="application/xml"
	schematypens="http://purl.oclc.org/dsdl/schematron"?>
<TEI xmlns="http://www.tei-c.org/ns/1.0">
   <teiHeader>
      <fileDesc>
         <titleStmt>
            <title>Fascicle 16: Poem 11 (J 446: 1862/1914)</title>
            <author>Emily Dickinson</author>
         </titleStmt>
         <publicationStmt>
            <p>Fascicle 16: Dickinson's variants and published versions</p>
         </publicationStmt>
         <sourceDesc>
            <msDesc>
               <msIdentifier>
                  <repository></repository>
                  <idno>1611</idno></msIdentifier>
            </msDesc>
            <bibl><ref target="http://www.cs.virginia.edu/~ajf2j/emily/"/>
            </bibl>
         </sourceDesc>
      </fileDesc>
   </teiHeader>
   <text>
      <body>
         <head><title>Poem 11 (J 446: 1862/1914)</title></head>
         <lg>
            <l>He showed me Hights I never saw—</l>
            <l>"Would'st Climb," —He said?</l>
            <l>I said—"Not so"—</l>
            <l>"With me—" He said—"With me"?</l>
            <l>He showed me Secrets—Morning's Nest—</l>
            <l>The Rope the Nights were put across—</l>
            <l>"And now—"Would'st have me for a Guest"?</l>
            <l>I could not find my "Yes".</l>
         </lg>
         <lg>
            <l>And then, He brake His Life—And lo,</l>
            <l>A Light, for me, did solemn glow,</l>
            <l><app>
                  <rdg wit="var0">The steadier, as my face withdrew</rdg>
                  <rdg wit="var1">The larger—as my face withdrew</rdg>
               </app>
            </l>
            <l>And could I, further, "No"?</l>
         </lg>
      </body>
   </text>
</TEI>
